{
  "name": "openmrs-uicommons",
  "main": "sass/src/main/resources/sass/reference/_reference.scss",
  "ignore": [
    "**/.*",
    "*.java",
    "*.gsp",
    "*.xml",
    "*.css",
    "README.md",
    "api",
    "java",
    "pom.xml",
    "uicommons.iml",
    "node_modules",
    "bower_components",
    "test",
    "tests"
  ],
  "homepage": "https://github.com/openmrs/openmrs-module-uicommons",
  "description": "Common SASS for OpenMrs Reference Application",
  "_release": "6403ac58bb",
  "_resolution": {
    "type": "branch",
    "branch": "master",
    "commit": "6403ac58bb6578da9e74c3ba0fadc21f8ad11dd8"
  },
  "_source": "https://github.com/openmrs/openmrs-module-uicommons.git",
  "_target": "master",
  "_originalSource": "openmrs-uicommons"
}