{
  "Common": {
    "Constants": {
      "hostURL": "",
      "dateFormat": "dd/mm/yyyy",
      "dateDisplayFormat": "DD-MMM-YYYY",
      "timeDisplayFormat": "hh:mm",
      "locationUrl": "/openmrs/ws/rest/v1/location",
      "bahmniSearchUrl": "/openmrs/ws/rest/v1/bahmnicore/search",
      "conceptUrl": "/openmrs/ws/rest/v1/concept",
      "openmrsUrl": "/openmrs",
      "loggingUrl": "/log/",
      "bahmniRESTBaseURL": "/openmrs/ws/rest/v1/bahmnicore",
      "locationCookieName": "bahmni.user.location",
      "JSESSIONID": "JSESSIONID",
      "currentUser": "bahmni.user",
      "viewPatientsPrivilege": "View Patients",
      "grantProviderAccessDataCookieName": "app.clinical.grantProviderAccessData",
      "globalPropertyUrl": "/openmrs/ws/rest/v1/bahmnicore/sql/globalproperty",
      "noNavigationLinksMessage": "NO_NAVIGATION_LINKS_AVAILABLE_MESSAGE",
      "defaultExtensionName": "default",
      "providerUrl": "/openmrs/ws/rest/v1/provider",
      "userUrl": "/openmrs/ws/rest/v1/user",
      "passwordUrl": "/openmrs/ws/rest/v1/password",
      "sqlUrl": "/openmrs/ws/rest/v1/bahmnicore/sql",
      "patientAttributeDateFieldFormat": "org.openmrs.util.AttributableDate",
      "platform": "user.platform",
      "RESTWS_V1": "/openmrs/ws/rest/v1",
      "baseUrl": "/bahmni_config/openmrs/apps/",
      "customUrl": "/implementation_config/openmrs/apps/",
      "faviconUrl": "/bahmni/favicon.ico",
      "platformType": {
        "other": "other"
      },
      "encryptionType": {
        "SHA3": "SHA3"
      },
      "LoginInformation": "LoginInformation",
      "ServerDateTimeFormat": "YYYY-MM-DDTHH:mm:ssZZ",
      "unAuthenticatedReferenceDataMap": {
        "/openmrs/ws/rest/v1/location?tags=Login+Location&s=byTags&v=default": "LoginLocations",
        "/openmrs/ws/rest/v1/bahmnicore/sql/globalproperty?property=locale.allowed.list": "LocaleList"
      },
      "authenticatedReferenceDataMap": {
        "/openmrs/ws/rest/v1/idgen/identifiertype": "IdentifierTypes",
        "/openmrs/module/addresshierarchy/ajax/getOrderedAddressHierarchyLevels.form": "AddressHierarchyLevels",
        "/openmrs/ws/rest/v1/bahmnicore/sql/globalproperty?property=mrs.genders": "Genders",
        "/openmrs/ws/rest/v1/bahmnicore/sql/globalproperty?property=bahmni.encountersession.duration": "encounterSessionDuration",
        "/openmrs/ws/rest/v1/bahmnicore/sql/globalproperty?property=bahmni.relationshipTypeMap": "RelationshipTypeMap",
        "/openmrs/ws/rest/v1/bahmnicore/config/bahmniencounter?callerContext=REGISTRATION_CONCEPTS": "RegistrationConcepts",
        "/openmrs/ws/rest/v1/relationshiptype?v=custom:(aIsToB,bIsToA,uuid)": "RelationshipType",
        "/openmrs/ws/rest/v1/personattributetype?v=custom:(uuid,name,sortWeight,description,format,concept)": "PersonAttributeType",
        "/openmrs/ws/rest/v1/entitymapping?mappingType=loginlocation_visittype&s=byEntityAndMappingType": "LoginLocationToVisitTypeMapping",
        "/openmrs/ws/rest/v1/bahmnicore/config/patient": "PatientConfig",
        "/openmrs/ws/rest/v1/concept?s=byFullySpecifiedName&name=Consultation+Note&v=custom:(uuid,name,answers)": "ConsultationNote",
        "/openmrs/ws/rest/v1/concept?s=byFullySpecifiedName&name=Lab+Order+Notes&v=custom:(uuid,name)": "LabOrderNotes",
        "/openmrs/ws/rest/v1/concept?s=byFullySpecifiedName&name=Impression&v=custom:(uuid,name)": "RadiologyImpressionConfig",
        "/openmrs/ws/rest/v1/concept?s=byFullySpecifiedName&name=All_Tests_and_Panels&v=custom:(uuid,name:(uuid,name),setMembers:(uuid,name:(uuid,name)))": "AllTestsAndPanelsConcept",
        "/openmrs/ws/rest/v1/concept?s=byFullySpecifiedName&name=Dosage+Frequency&v=custom:(uuid,name,answers)": "DosageFrequencyConfig",
        "/openmrs/ws/rest/v1/concept?s=byFullySpecifiedName&name=Dosage+Instructions&v=custom:(uuid,name,answers)": "DosageInstructionConfig",
        "/openmrs/ws/rest/v1/bahmnicore/sql/globalproperty?property=bahmni.encounterType.default": "DefaultEncounterType",
        "/openmrs/ws/rest/v1/concept?s=byFullySpecifiedName&name=Stopped+Order+Reason&v=custom:(uuid,name,answers)": "StoppedOrderReasonConfig",
        "/openmrs/ws/rest/v1/ordertype": "OrderType",
        "/openmrs/ws/rest/v1/bahmnicore/config/drugOrders": "DrugOrderConfig",
        "/openmrs/ws/rest/v1/bahmnicore/sql/globalproperty?property=drugOrder.drugOther": "NonCodedDrugConcept",
        "/openmrs/ws/rest/v1/entitymapping?mappingType=location_encountertype&s=byEntityAndMappingType&entityUuid=": "LoginLocationToEncounterTypeMapping"
      },
      "rootDir": "",
      "uuidRegex": "[0-9a-f]{8}-[0-9a-f]{4}-[0-9a-f]{4}-[0-9a-f]{4}-[0-9a-f]{12}",
      "eventlogFilterUrl": "/openmrs/ws/rest/v1/eventlog/filter",
      "bahmniConnectMetaDataDb": "metaData",
      "serverDateTimeUrl": "/cgi-bin/systemdate",
      "loginText": "/bahmni_config/openmrs/apps/home/whiteLabel.json",
      "auditLogUrl": "/openmrs/ws/rest/v1/auditlog",
      "appointmentServiceUrl": "/openmrs/ws/rest/v1/appointmentService",
      "localeLangs": "/bahmni_config/openmrs/apps/home/locale_languages.json",
      "privilegeRequiredErrorMessage": "PRIVILEGE_REQUIRED",
      "defaultPossibleRelativeSearchLimit": 10,
      "fetchLoginLocationURL": "/openmrs/ws/rest/v1/appui/session",
      "openMRSSystemSettingUrl": "/openmrs/ws/rest/v1/systemsetting/",
      "baseLocaleURL": "./i18n/",
      "customLocaleURL": "/bahmni_config/openmrs/i18n/",
      "loginPageUrl": "../../bahmni/home/index.html#/login"
    }
  },
  "Appointments": {
    "Constants": {
      "homeUrl": "../../home",
      "createServiceUrl": "/openmrs/ws/rest/v1/appointmentService",
      "getServiceLoad": "/openmrs/ws/rest/v1/appointmentService/load",
      "getAllSpecialitiesUrl": "/openmrs/ws/rest/v1/speciality/all",
      "createAppointmentUrl": "/openmrs/ws/rest/v1/appointment",
      "getAppointmentsForServiceTypeUrl": "/openmrs/ws/rest/v1/appointment/futureAppointmentsForServiceType/",
      "changeAppointmentStatusUrl": "/openmrs/ws/rest/v1/appointments/{{appointmentUuid}}/status-change",
      "changeRecurringAppointmentsStatusUrl": "/openmrs/ws/rest/v1/recurring-appointments/{{appointmentUuid}}/changeStatus",
      "getAppointmentByUuid": "/openmrs/ws/rest/v1/appointment/",
      "getAllAppointmentsUrl": "/openmrs/ws/rest/v1/appointment/all",
      "searchAppointmentUrl": "/openmrs/ws/rest/v1/appointment/search",
      "searchAppointmentsUrl": "/openmrs/ws/rest/v1/appointments/search",
      "getAppointmentsSummaryUrl": "/openmrs/ws/rest/v1/appointment/appointmentSummary",
      "changeProviderResponseUrl": "/openmrs/ws/rest/v1/appointments/{{appointmentUuid}}/providerResponse",
      "defaultServiceTypeDuration": 15,
      "defaultCalendarSlotLabelInterval": "01:00",
      "defaultCalendarSlotDuration": "00:30",
      "defaultCalendarStartTime": "08:00",
      "defaultCalendarEndTime": "19:00",
      "defaultExpandServiceFilter": -1,
      "collapseServiceFilter": 0,
      "angularCalendarDaysOfWeek": [0,1,2,3,4,5,6],
      "defaultWeekStartDayName": "Sunday",
      "minDurationForAppointment": 30,
      "appointmentStatusList": ["Requested","Scheduled","CheckedIn","Completed","Cancelled","Missed"],
      "regexForTime": "(?:(?:1[0-2]|0?[1-9]):[0-5]\\d\\s*[AaPp][Mm])?",
      "privilegeManageAppointments": "app:appointments:manageAppointmentsTab",
      "privilegeForAdmin": "app:appointments:adminTab",
      "privilegeOwnAppointments": "Manage Own Appointments",
      "privilegeResetAppointmentStatus": "Reset Appointment Status",
      "availableForAppointments": "Available for appointments",
      "weekDays": {
        "Monday": 1,
        "Tuesday": 2,
        "Wednesday": 3,
        "Thursday": 4,
        "Friday": 5,
        "Saturday": 6,
        "Sunday": 7
      },
      "appointmentStatuses": {
        "Requested": "Requested",
        "Scheduled": "Scheduled",
        "CheckedIn": "CheckedIn",
        "Completed": "Completed",
        "Missed": "Missed",
        "Cancelled": "Cancelled"
      },
      "providerResponses": {
        "ACCEPTED": "ACCEPTED",
        "REJECTED": "REJECTED",
        "TENTATIVE": "TENTATIVE",
        "CANCELLED": "CANCELLED",
        "AWAITING": "AWAITING"
      },
      "appointmentsV2Url" : "/appointments-v2/#/home/manage/appointments"
    }
  }
}
